file_name,source_utterance,doa,distance,rt60
training_000.wav,1272-128104-0000.flac,0.824925370639961,2.015727081836643,0.7169323739390342
training_001.wav,1272-128104-0003.flac,-2.5672276699534233,2.907928803107954,0.7253283486180788
training_002.wav,1272-128104-0005.flac,1.1901341878312384,0.648899197133727,0.160087221521095
training_003.wav,1272-128104-0006.flac,-2.641981586229723,1.8843572252037666,0.12146204818360684
training_004.wav,1272-128104-0007.flac,2.4034517652630045,4.4665767839951025,0.9210091090530509
training_005.wav,1272-128104-0008.flac,-3.1171324241288074,1.9056021541195058,0.5287512775933195
training_006.wav,1272-128104-0010.flac,-0.36073814740797305,1.9246172223082856,0.8971741181065326
training_007.wav,1272-128104-0012.flac,-1.1490061794038247,2.051900290597894,0.6218524779647983
training_008.wav,1272-128104-0013.flac,-3.0252071895516215,4.040691306727553,0.4764715625092243
training_009.wav,1272-135031-0010.flac,0.3245987164618454,3.233093808351834,0.7540827498264207
training_010.wav,1272-135031-0015.flac,-1.5533482510095564,2.0723920398372515,0.6597148298049036
training_011.wav,1272-135031-0017.flac,-3.0667564415055977,1.7882635171312056,0.9322008862448615
training_012.wav,1272-135031-0023.flac,-1.1874889434563052,1.1343039553714642,0.32859534114728506
training_013.wav,1272-141231-0001.flac,2.311468013304399,1.1147451749241664,0.22114776498867206
training_014.wav,1272-141231-0003.flac,0.20530847627917448,1.6144242043527977,0.5931874221077658
training_015.wav,1272-141231-0004.flac,0.5487372929046775,2.747084891581463,0.5139710972098626
training_016.wav,1272-141231-0005.flac,-0.7823873884001309,1.1520851418046818,0.20544329645511505
training_017.wav,1272-141231-0009.flac,-2.159172813681916,2.3880102635568616,0.8621700450687776
training_018.wav,1272-141231-0011.flac,3.034358027482545,1.1769033562500693,0.8296107263662249
training_019.wav,1272-141231-0012.flac,0.3993931860189514,1.3541502667847685,0.5992727473413519
training_020.wav,1272-141231-0014.flac,-0.1340790641768948,1.3030901017097738,0.1263300107627776
training_021.wav,1272-141231-0015.flac,-1.2440483263311977,1.1540793637436864,0.5833114838243756
training_022.wav,1272-141231-0018.flac,-0.886112885125857,1.7809988260028635,0.18563677955608215
training_023.wav,1272-141231-0022.flac,-0.9430059252450081,1.2143939203239247,0.5345913506393827
training_024.wav,1272-141231-0023.flac,-1.59421851616171,2.411570524138812,0.4874929901714875
training_025.wav,1272-141231-0025.flac,-2.5258825781199947,2.0295512585889264,0.7300285770964736
training_026.wav,1272-141231-0026.flac,-1.8583411476274747,2.2590345862674437,0.1573033086970027
training_027.wav,1272-141231-0027.flac,-3.1401551859705337,0.5280652074957601,0.7864271676363603
training_028.wav,1272-141231-0028.flac,0.8901558163432002,1.3913849889263015,0.2712339386962105
training_029.wav,1272-141231-0029.flac,-1.662933627601681,4.926816781307705,0.9861817369250284
training_030.wav,1272-141231-0030.flac,-1.7487099367174357,4.782110513465778,0.6960460373680456
training_031.wav,1272-141231-0031.flac,2.229339139698884,0.9784133945581109,0.3317527518339799
training_032.wav,1462-170138-0006.flac,-1.1983509991028563,4.0920233358120415,0.38770815687731375
training_033.wav,1462-170138-0007.flac,-2.3249919534610997,1.6425547962921458,0.5204645241684611
training_034.wav,1462-170138-0008.flac,1.4415106821318266,1.6986924370210572,0.28776527058633083
training_035.wav,1462-170138-0010.flac,-0.07163558990274341,1.7719022846904633,0.4445313646113991
training_036.wav,1462-170138-0013.flac,2.6821440897067155,2.1768158131354336,0.5990499738405873
training_037.wav,1462-170138-0017.flac,0.3084046608967209,1.474199326919225,0.14083414958990892
training_038.wav,1462-170138-0021.flac,-0.6355810712502324,0.5634651787910262,0.5727245906914911
training_039.wav,1462-170138-0022.flac,0.6350891055176199,1.874333966942361,0.8780809490885896
training_040.wav,1462-170138-0023.flac,-1.0971834490517653,1.2208477072856418,0.321993236441239
training_041.wav,1462-170138-0027.flac,-2.851830353863107,1.8186538433751531,0.8258685869233784
training_042.wav,1462-170142-0001.flac,0.8056860923925102,4.146029440146272,0.4843790298976157
training_043.wav,1462-170142-0002.flac,-2.8690171471587154,1.7977260464886775,0.45100900027897795
training_044.wav,1462-170142-0004.flac,-2.2107543194121284,5.488112305669041,0.3115507646752085
training_045.wav,1462-170142-0006.flac,2.8899968791560804,2.897698135107037,0.9411770731962479
training_046.wav,1462-170142-0009.flac,2.4524757537132387,5.045266675571255,0.8755788788982781
training_047.wav,1462-170142-0012.flac,1.0278076730925114,1.5588987888788823,0.6481856042878774
training_048.wav,1462-170142-0016.flac,-0.5922758474650675,1.930891193995336,0.8133829527459558
training_049.wav,1462-170142-0021.flac,0.24837602082703258,1.3628171058513192,0.5505582474580376
training_050.wav,1462-170142-0025.flac,1.0574404501557688,2.6190236852736093,0.16806903223666447
training_051.wav,1462-170142-0041.flac,1.356398615640366,2.300542277159625,0.6915480117104481
training_052.wav,1462-170145-0003.flac,-0.6110746482116323,2.4295609200670603,0.8784137726614785
training_053.wav,1462-170145-0004.flac,0.3241955920255943,4.930679897770298,0.2733938533427066
training_054.wav,1462-170145-0007.flac,-0.22617748785726272,1.6927181451393867,0.4621058328129307
training_055.wav,1462-170145-0015.flac,0.4121911777189418,3.8582445416897726,0.6384356969417738
training_056.wav,1462-170145-0022.flac,-0.37319651741600784,0.40690851647538717,0.4552494826001181
training_057.wav,1673-143396-0002.flac,-0.08537245860185902,1.2855415129045995,0.975383832359687
training_058.wav,1673-143396-0007.flac,2.8467996389460466,2.1313510386895116,0.6317621932614019
training_059.wav,1673-143396-0015.flac,-0.9725222443353806,1.8052153936576476,0.31381518061538527
training_060.wav,1673-143396-0017.flac,-1.7274125147747048,2.9330052117914245,0.211577224360883
training_061.wav,1673-143397-0000.flac,-2.4918588445026173,2.5643220558687325,0.6990949408762093
training_062.wav,1673-143397-0001.flac,-1.1115737778938144,3.621257171529564,0.6974503692995676
training_063.wav,1673-143397-0005.flac,-0.24378061143168026,0.7729020213898412,0.6850947940806454
training_064.wav,1673-143397-0006.flac,-0.0710636827747264,0.6881515121971044,0.993357771380936
training_065.wav,1673-143397-0007.flac,-2.510223581015148,3.1610103662610265,0.5561260684252324
training_066.wav,1673-143397-0012.flac,1.6724730735567783,3.4561800533756637,0.11259233694345061
training_067.wav,1673-143397-0013.flac,-2.934074167327783,0.6247551003944068,0.19379732198177602
training_068.wav,1673-143397-0014.flac,2.0082599130464205,3.7073616432197203,0.5422514753012405
training_069.wav,1673-143397-0015.flac,-2.0934265083839594,0.9976303591342289,0.5285832229855228
training_070.wav,1673-143397-0017.flac,1.712532073787289,2.260328660827739,0.7589663464881434
training_071.wav,174-168635-0005.flac,-0.5765518870204024,2.6774275132628094,0.526815484121462
training_072.wav,174-168635-0006.flac,1.6288275416603906,1.112606402237897,0.7413021679241597
training_073.wav,174-168635-0012.flac,1.4714325402899069,3.000177512237621,0.17884714376811417
training_074.wav,174-168635-0013.flac,0.7958445983068221,2.9076037562219166,0.7277590495791759
training_075.wav,174-168635-0016.flac,-0.16268734430353518,2.92054626922044,0.5945402064371726
training_076.wav,174-168635-0019.flac,-1.6435003846047955,2.83197471006397,0.7420477406138277
training_077.wav,174-50561-0005.flac,-2.8021726403895038,0.9575040356454532,0.8628440017505263
training_078.wav,174-50561-0006.flac,1.7322517150594317,2.096913640828171,0.627386120017013
training_079.wav,174-50561-0011.flac,-1.0355566874805298,2.7951533747446256,0.8483988292784543
training_080.wav,174-84280-0003.flac,1.351793609202313,1.8732724350207237,0.7810284473033251
training_081.wav,174-84280-0005.flac,0.469582017792957,2.343869650815412,0.7032951666184416
training_082.wav,174-84280-0006.flac,2.203768913485544,1.0735990376566544,0.698095425135002
training_083.wav,174-84280-0007.flac,0.11747105057934923,2.7255391648698946,0.820318269796366
training_084.wav,1919-142785-0003.flac,1.296706080802321,1.5808060972390692,0.7530090567103118
training_085.wav,1919-142785-0004.flac,-1.9063204003132794,0.9032303229128129,0.5396762290206715
training_086.wav,1919-142785-0009.flac,1.5335705220371991,2.0996413176552204,0.3241873716000544
training_087.wav,1919-142785-0012.flac,0.2136943476527314,2.392040662637008,0.4626049194187406
training_088.wav,1919-142785-0013.flac,0.8584895389518805,1.5587402010637559,0.2213167018073232
training_089.wav,1919-142785-0014.flac,0.06107603303214029,3.7621355386434256,0.30322585769335053
training_090.wav,1919-142785-0017.flac,-2.1319541212986315,4.975660735213814,0.19333348809751072
training_091.wav,1919-142785-0018.flac,2.8759074541678187,1.7386292242060857,0.5379093555136655
training_092.wav,1919-142785-0019.flac,-2.149009681983919,2.2908598207942408,0.7114646044030933
training_093.wav,1919-142785-0020.flac,1.5252584308917982,1.7882206747865503,0.33436702573259447
training_094.wav,1919-142785-0022.flac,-0.9947807832104683,5.373565167015267,0.9037366877323525
training_095.wav,1919-142785-0023.flac,0.24473342406659532,1.206464174694517,0.1800655969129712
training_096.wav,1919-142785-0025.flac,0.7921128734380025,3.562908222817514,0.30157655697916896
training_097.wav,1919-142785-0026.flac,-0.20975879506100992,2.1470344845864746,0.8734876890439798
training_098.wav,1919-142785-0027.flac,-0.9461563080196326,0.5963306853384923,0.168573152426574
training_099.wav,1919-142785-0028.flac,-2.444488950099089,0.7179180353615341,0.9728365315657507
training_100.wav,1919-142785-0030.flac,0.36041768385069084,4.125965530870186,0.7707692393757396
training_101.wav,1919-142785-0031.flac,3.0950643571131082,4.843249680170178,0.5987797853977305
training_102.wav,1919-142785-0032.flac,1.311115045486272,3.7056149628953166,0.23901862360783788
training_103.wav,1919-142785-0033.flac,2.6413144741021983,0.9302316179275985,0.17698601211666343
training_104.wav,1919-142785-0038.flac,-1.9910176373714854,2.430851700452373,0.6643585247635869
training_105.wav,1919-142785-0040.flac,2.203498586910823,1.0755645885971485,0.49012724368531335
training_106.wav,1919-142785-0043.flac,2.1759248803899096,4.255085351999776,0.6675863126865885
training_107.wav,1919-142785-0044.flac,-2.451792157180332,0.3802161451748883,0.3767712927148842
training_108.wav,1919-142785-0045.flac,-2.972353900990108,3.9497743138405,0.26616561060211763
training_109.wav,1919-142785-0050.flac,1.2452077236863255,1.2420086056265653,0.11090413233084129
training_110.wav,1919-142785-0051.flac,-2.0890846394776252,3.6011608243456457,0.3384457515129373
training_111.wav,1919-142785-0054.flac,-2.0381614992314874,1.3394952170951675,0.17938027417758562
training_112.wav,1919-142785-0055.flac,-1.2721565624279267,0.3670382684369296,0.3954401835443959
training_113.wav,1919-142785-0057.flac,-2.0036405158376605,2.7929031782843845,0.3996774383896886
training_114.wav,1919-142785-0059.flac,0.8393179914679998,1.103576617293163,0.6541974039201686
training_115.wav,1919-142785-0060.flac,-0.9767911449063416,2.4719494204603687,0.508847494550386
training_116.wav,1988-147956-0004.flac,-0.509052034276683,1.6578219523101598,0.18036145186314934
training_117.wav,1988-147956-0006.flac,2.597129356841931,1.728149690544733,0.2593782918763944
training_118.wav,1988-147956-0007.flac,-1.0480782186764954,2.3363799890670123,0.36680911616125655
training_119.wav,1988-147956-0009.flac,-2.1014073009087366,1.9278526107928675,0.7425800853736776
training_120.wav,1988-147956-0011.flac,-1.4628203104533424,2.7323437087366362,0.7486309243913455
training_121.wav,1988-147956-0017.flac,1.6384117558046511,1.5557662572545388,0.2546472267551336
training_122.wav,1988-147956-0019.flac,2.8204439438066187,2.0522384506212448,0.22267608146238893
training_123.wav,1988-147956-0020.flac,-1.6754016590412824,4.284001901882734,0.26229973288186315
training_124.wav,1988-147956-0022.flac,-0.08578266536527027,1.2774313358545448,0.5476027767440745
training_125.wav,1988-147956-0026.flac,-3.097148370267013,2.6839854296987316,0.22245839522268018
training_126.wav,1988-147956-0027.flac,-1.4210767881705682,1.817439267398797,0.5276610408300131
training_127.wav,1988-147956-0028.flac,-0.42090344373354327,1.4554187637461966,0.5308539007859443
training_128.wav,1988-147956-0029.flac,-2.921082847049104,1.3764780600082243,0.41812881193237494
training_129.wav,1988-148538-0003.flac,-2.051146865260258,1.2706786199343056,0.562927972513194
training_130.wav,1988-148538-0007.flac,1.6367190731018786,1.4919890481689027,0.9036442996975123
training_131.wav,1988-148538-0008.flac,-0.19523950172964613,1.4796761711692918,0.5901546414211809
training_132.wav,1988-148538-0009.flac,-1.216875790948612,4.380676418965545,0.18088565930044798
training_133.wav,1988-148538-0010.flac,-2.9129377180354123,1.6061385992736323,0.8159063457454392
training_134.wav,1988-148538-0011.flac,0.6377213065390019,4.225907652462886,0.8752623555666649
training_135.wav,1988-24833-0001.flac,-1.2067791338613145,3.6428382878733783,0.4012721436228648
training_136.wav,1988-24833-0003.flac,1.1110379482979331,1.6038237736561325,0.20135596506334386
training_137.wav,1988-24833-0004.flac,-0.6174762136845376,4.647225570819147,0.5109468584074249
training_138.wav,1988-24833-0005.flac,1.1482669135189716,1.481465393454638,0.39066675603363976
training_139.wav,1988-24833-0007.flac,0.5563125806010858,2.7610547396611707,0.8062431369374757
training_140.wav,1988-24833-0009.flac,-1.100400519008528,2.7902914976012383,0.82848761458204
training_141.wav,1988-24833-0011.flac,-1.854147553387818,1.811127584405543,0.7493197884913682
training_142.wav,1988-24833-0013.flac,2.6011032627634827,3.5399867272907093,0.7667275897199687
training_143.wav,1988-24833-0017.flac,-2.788058460013217,3.5968731833101755,0.7095747354501377
training_144.wav,1988-24833-0018.flac,-2.9431904976779073,3.903545042775213,0.6366364877408783
training_145.wav,1988-24833-0020.flac,3.0711357684726255,2.5325238206791147,0.898433841675793
training_146.wav,1988-24833-0024.flac,1.2639402840561098,4.44531740493966,0.6783782120690777
training_147.wav,1993-147149-0000.flac,-2.925246603469793,0.30335088680083383,0.6393544881438359
training_148.wav,1993-147149-0001.flac,1.779038064217545,3.784307265753098,0.3961401715084014
training_149.wav,1993-147149-0002.flac,-3.067260856752426,2.633999823071731,0.6235246979311481
training_150.wav,1993-147149-0004.flac,-0.5750391296456457,2.7905934709762836,0.68795577406673
training_151.wav,1993-147149-0005.flac,1.2085090791291935,0.626084792154749,0.8305554765335876
training_152.wav,1993-147149-0007.flac,1.172997704144153,1.7760452003553475,0.9286510015713172
training_153.wav,1993-147149-0012.flac,2.15443234373592,3.696198988059074,0.1813318606524843
training_154.wav,1993-147149-0013.flac,-2.528236110981709,1.8477230429591756,0.5664158207685492
training_155.wav,1993-147149-0015.flac,-2.991036969803557,1.1113625121083073,0.4856153463118218
training_156.wav,1993-147149-0016.flac,-2.007488613522641,1.1938668649757713,0.8044348378120844
training_157.wav,1993-147149-0019.flac,0.21130934760884953,2.488496578006982,0.34691204927263997
training_158.wav,1993-147149-0025.flac,1.6617206576188184,1.7394311935515876,0.14696916763162926
training_159.wav,1993-147964-0000.flac,-1.4437048359367939,4.0220523935325705,0.33176147234878617
training_160.wav,1993-147964-0002.flac,-2.9898425612581496,2.364702016601317,0.18720426714167593
training_161.wav,1993-147964-0004.flac,0.2766265626033877,3.3792836539534292,0.7819474026463442
training_162.wav,1993-147964-0007.flac,-1.731342087306989,3.1189838475750977,0.662818412154271
training_163.wav,1993-147964-0008.flac,0.04524531072077621,1.744432164325053,0.7099202439959654
training_164.wav,1993-147964-0009.flac,-1.9214000004360503,3.2235286600805,0.6725726568633215
training_165.wav,1993-147965-0002.flac,-0.05526333071185444,0.740651053309752,0.6295236618979065
training_166.wav,1993-147965-0003.flac,2.8347261437994264,0.4227792406202241,0.8005624137264814
training_167.wav,1993-147965-0005.flac,-3.1344950263319795,3.8953809748030634,0.5214323003143607
training_168.wav,1993-147965-0006.flac,0.3518385274559599,1.531767611565007,0.48272760516945157
training_169.wav,1993-147965-0007.flac,0.016888281058404505,2.2217356807158777,0.9511716449636122
training_170.wav,1993-147965-0008.flac,2.810717901364174,1.351548809718793,0.9888041219990809
training_171.wav,2035-147960-0000.flac,0.520534310154399,2.1040242212668745,0.6084716514145599
training_172.wav,2035-147960-0002.flac,0.030518166831253905,2.4864460342295516,0.19550364724283054
training_173.wav,2035-147960-0003.flac,-0.22469732721233385,0.635304608171103,0.6736695274810165
training_174.wav,2035-147960-0005.flac,-2.8943717252567707,3.0249672139007693,0.3122321858257773
training_175.wav,2035-147960-0008.flac,1.1321894711392018,1.76126141198972,0.905255517383123
training_176.wav,2035-147960-0010.flac,0.243480150019765,1.6555427313125655,0.35792146158217486
training_177.wav,2035-147961-0002.flac,1.8923019207117087,1.9479207187044416,0.3489319819388924
training_178.wav,2035-147961-0004.flac,1.4156947123597925,1.5571480806361775,0.6562007176996076
training_179.wav,2035-147961-0005.flac,2.705745829129721,1.0591787577206038,0.9003017356653586
training_180.wav,2035-147961-0011.flac,2.081659718688068,0.6992508099107407,0.2707129050679534
training_181.wav,2035-147961-0018.flac,-2.66061049823578,4.6905028464960905,0.6954989520386483
training_182.wav,2035-147961-0025.flac,0.21242869888932567,1.9422695853791725,0.9289697700136171
training_183.wav,2035-147961-0035.flac,2.943430308822392,1.3962602591741382,0.2028960850107695
training_184.wav,2035-147961-0039.flac,-3.0143053487247107,1.0406286516253405,0.9592961510864362
training_185.wav,2035-152373-0000.flac,2.182146002367194,2.6385667936998303,0.18841622789704493
training_186.wav,2035-152373-0002.flac,-1.8723457717902747,3.801094387764504,0.770947333172768
training_187.wav,2035-152373-0003.flac,0.9790004374055721,6.636132666196808,0.8966117773667002
training_188.wav,2035-152373-0004.flac,2.3123638341049286,1.2687286241860214,0.35749546864119675
training_189.wav,2035-152373-0006.flac,1.2780910204923717,1.978235769558174,0.245983646901754
training_190.wav,2035-152373-0008.flac,1.7377703338724073,2.550909626472182,0.10754567411167704
training_191.wav,2035-152373-0010.flac,2.74296920742845,2.4636171165699947,0.39248702171271455
training_192.wav,2035-152373-0014.flac,-2.710963054238728,1.9542782743008185,0.8173443880514646
training_193.wav,2035-152373-0015.flac,1.958659845807823,4.61590694988701,0.7944909487664009
training_194.wav,2035-152373-0016.flac,-2.6785962633677465,0.9873715570714687,0.9316403310922936
training_195.wav,2035-152373-0017.flac,2.525602449279364,3.898839549619309,0.9293550879789885
training_196.wav,2035-152373-0018.flac,0.5005221191212849,1.5864488668015115,0.34516350981587485
training_197.wav,2078-142845-0013.flac,2.320726289478598,1.8160181307067247,0.2551475789015797
training_198.wav,2078-142845-0014.flac,3.1318413895589248,2.247445748680876,0.23695002820197653
training_199.wav,2078-142845-0015.flac,0.35150533588146066,2.5685677327285843,0.46641984341946907
training_200.wav,2078-142845-0017.flac,0.364680643111436,1.5777639103137204,0.7493280644030638
training_201.wav,2078-142845-0018.flac,3.069131981158655,1.0743359832872335,0.39006566692916245
training_202.wav,2078-142845-0019.flac,-0.13383201120272326,1.2209364291486202,0.5860339519766748
training_203.wav,2078-142845-0020.flac,-3.0095882232481976,1.3461068454630611,0.8225556151310305
training_204.wav,2078-142845-0021.flac,1.4977850271289428,2.484575789891461,0.6169180399876073
training_205.wav,2078-142845-0027.flac,2.3740437322087344,1.9390984760967107,0.3906517728747336
training_206.wav,2078-142845-0034.flac,-2.6057912473299574,3.3135627908397036,0.14536129426586486
training_207.wav,2078-142845-0040.flac,0.269548203187588,3.6877326369441654,0.3352344982480221
training_208.wav,2078-142845-0045.flac,1.3752741548248968,3.191034123829762,0.9958576634888375
training_209.wav,2078-142845-0046.flac,0.08454311197083463,0.8446295409236161,0.39911555544161226
training_210.wav,2078-142845-0050.flac,1.876997980171845,1.1076838549332952,0.4136151607979194
training_211.wav,2086-149214-0000.flac,0.6561389450767446,4.176686440755915,0.9880463172110078
training_212.wav,2086-149214-0001.flac,-2.876444655381263,3.2808524483214496,0.14591524424233104
training_213.wav,2086-149214-0003.flac,2.8840897806139942,2.101340974481165,0.9526738036127782
training_214.wav,2086-149220-0004.flac,0.046215600396456336,1.8974747591877064,0.8074704171733132
training_215.wav,2086-149220-0005.flac,0.04161907989017297,3.2151861949880316,0.17227524874496114
training_216.wav,2086-149220-0007.flac,2.354292443592921,1.5527563713813606,0.3489082592030559
training_217.wav,2086-149220-0008.flac,0.5036775293583703,2.1094239359614635,0.5452575336654679
training_218.wav,2086-149220-0014.flac,0.27712558868608816,1.632080604858173,0.5811201577566946
training_219.wav,2086-149220-0015.flac,-1.8058991584794113,2.4084474021365163,0.6739135934517055
training_220.wav,2086-149220-0016.flac,-0.27790807923872796,2.796067100581713,0.13891447406491297
training_221.wav,2086-149220-0017.flac,-0.10625292758792206,1.4804676672307233,0.4283700296457351
training_222.wav,2086-149220-0018.flac,-0.1901337266754307,2.4284416434048137,0.6356191186367525
training_223.wav,2086-149220-0022.flac,-3.041314225971553,4.6864022359338,0.1413971833520271
training_224.wav,2086-149220-0023.flac,0.5329844233652679,2.3759979935541597,0.28988413295041493
training_225.wav,2086-149220-0029.flac,2.7597575573186273,3.532513677532696,0.4622367227086097
training_226.wav,2086-149220-0030.flac,-0.7368166648475638,1.944267888290446,0.948756912922496
training_227.wav,2086-149220-0031.flac,1.0267841649155356,2.178758367446197,0.1861109677418017
training_228.wav,2086-149220-0033.flac,-2.0481554918943803,1.5342048126534975,0.8151184233766547
training_229.wav,2086-149220-0034.flac,1.038599438509245,1.7972047776136726,0.7592292223620386
training_230.wav,2086-149220-0036.flac,-0.9711687244968034,2.001239282566135,0.4203395353860403
training_231.wav,2086-149220-0040.flac,2.5030497632856425,3.5452358279544653,0.551436539631165
training_232.wav,2277-149874-0001.flac,-0.6841459826589696,1.7832553322614522,0.8474429962946417
training_233.wav,2277-149874-0002.flac,2.135052965976199,3.2511772994072814,0.8048096706135851
training_234.wav,2277-149874-0003.flac,0.946905183079281,2.96951924674742,0.24413511435222612
training_235.wav,2277-149874-0005.flac,-2.2511201063340023,3.1839189992459835,0.4344463408652657
training_236.wav,2277-149874-0008.flac,1.3259427381762752,4.064531198511834,0.9848699798036015
training_237.wav,2277-149874-0010.flac,0.7710228364598768,4.770587949764239,0.2516964335893114
training_238.wav,2277-149874-0012.flac,-0.5180407903615748,2.081869297223507,0.12622574359104644
training_239.wav,2277-149874-0014.flac,-2.9779714420392396,3.624025776942934,0.6403856946841172
training_240.wav,2277-149874-0016.flac,1.4618483212319406,1.8650512361905,0.6249632192003166
training_241.wav,2277-149874-0018.flac,-1.7203242435506132,2.204375380319463,0.6239987412431428
training_242.wav,2277-149874-0019.flac,0.5182769103201097,2.2376586973868813,0.9489859317611419
training_243.wav,2277-149874-0020.flac,0.6763187864844722,2.093826284117635,0.3116708913183249
training_244.wav,2277-149896-0000.flac,-2.9392063660849685,0.9149921640273696,0.2623359647777539
training_245.wav,2277-149896-0001.flac,1.0644645303233617,3.9028094795835693,0.48134265305850343
training_246.wav,2277-149896-0005.flac,-0.3180026967445679,1.7075968264121635,0.44767384286607304
training_247.wav,2277-149896-0007.flac,2.43066340634438,4.116465025792304,0.9989505703252268
training_248.wav,2277-149896-0008.flac,2.4239869766045845,2.0837015763298035,0.8278687591506998
training_249.wav,2277-149896-0009.flac,-1.5212697528629353,4.971765515300368,0.9995787127926491
training_250.wav,2277-149896-0010.flac,0.7762597258853643,4.0538484345231875,0.5333088356661573
training_251.wav,2277-149896-0013.flac,-1.2812025855920668,3.0443377786619785,0.9078173715564157
training_252.wav,2277-149896-0020.flac,-1.2111265522251025,2.512731374535091,0.5035753875642597
training_253.wav,2277-149896-0030.flac,2.9736261818849234,1.2696871817301167,0.42558029460474833
training_254.wav,2277-149897-0002.flac,3.1247894663995415,2.7010698436296052,0.11072375868013395
training_255.wav,2277-149897-0004.flac,-1.1699367636335902,3.659330206971462,0.4235105402825885
training_256.wav,2277-149897-0007.flac,2.6072702241738166,0.6766569211789288,0.9400503702497228
training_257.wav,2277-149897-0016.flac,-1.7627049296541228,1.6424826872988085,0.2490082810332147
training_258.wav,2277-149897-0017.flac,-1.358683776428301,1.5650991781357004,0.5119251424344275
training_259.wav,2277-149897-0018.flac,2.546232064637175,2.0011908330394994,0.2239843294973629
training_260.wav,2277-149897-0026.flac,1.2751611852166522,1.188972056236056,0.6159022126785731
training_261.wav,2277-149897-0029.flac,1.542696411356239,3.800917989038263,0.22802381012964468
training_262.wav,2277-149897-0032.flac,3.106036734139055,2.1886020433486726,0.54598692840602
training_263.wav,2277-149897-0033.flac,0.110984409505534,1.260174060122896,0.744431508772582
training_264.wav,2412-153947-0002.flac,-2.6406791230202753,3.2843811588534364,0.1685347880807213
training_265.wav,2412-153947-0003.flac,-0.7110002898208769,2.3229764955513286,0.7379632481208009
training_266.wav,2412-153947-0004.flac,2.3639392095685823,2.016745290804656,0.5789942162316357
training_267.wav,2412-153947-0007.flac,1.6257017534205709,1.5368425008312492,0.3056147265056136
training_268.wav,2412-153947-0009.flac,2.490674576385361,2.4255409234668117,0.3851472284850016
training_269.wav,2412-153947-0013.flac,-1.0201094918758855,3.196541431539333,0.6355922918082582
training_270.wav,2412-153947-0016.flac,1.9803732332328234,1.902998386997063,0.7973378166784841
training_271.wav,2412-153948-0003.flac,3.024514999249779,1.8362611016284134,0.198402384009278
training_272.wav,2412-153948-0007.flac,-0.07057732401442246,2.001856768531512,0.5665597000201812
training_273.wav,2412-153948-0008.flac,2.59032141663014,1.6847661418356712,0.5056445514040493
training_274.wav,2412-153948-0009.flac,-1.3297316892581565,1.8058945556769543,0.7384695223720246
training_275.wav,2412-153948-0011.flac,1.5707318216722446,2.699012515711072,0.4611643539937399
training_276.wav,2412-153948-0012.flac,0.9202700500710088,0.93201706798936,0.6242510614787872
training_277.wav,2412-153948-0013.flac,2.5866627726223794,0.9487718119322543,0.6911785986508768
training_278.wav,2412-153948-0014.flac,-1.7776529490756234,2.194325327817608,0.3122874431217365
training_279.wav,2412-153954-0000.flac,-0.3066247493352611,3.1092696040596546,0.5766343293567159
training_280.wav,2412-153954-0001.flac,0.8067476795663091,1.683871860437616,0.21523638315538995
training_281.wav,2412-153954-0003.flac,2.6554375836334243,0.8380906167631712,0.2993626945713579
training_282.wav,2412-153954-0005.flac,-0.2151302225186059,2.506508783361687,0.1316408820242665
training_283.wav,2412-153954-0007.flac,-1.8205923751186166,1.6158511485661093,0.3711360069268782
training_284.wav,2412-153954-0010.flac,-2.8494215564359466,2.4778367399783763,0.33592268606081443
training_285.wav,2412-153954-0011.flac,-2.325986598380632,4.267129459039155,0.27579805072202046
training_286.wav,2412-153954-0012.flac,-3.049958047105441,2.92744583530214,0.13455807756628524
training_287.wav,2412-153954-0016.flac,1.381123864219512,3.2524108023274274,0.19497264785836244
training_288.wav,2412-153954-0017.flac,-2.105257896783751,1.1783085448309125,0.24544252604007155
training_289.wav,2412-153954-0019.flac,0.7517744342643249,3.1174188703072465,0.2881654399419816
training_290.wav,2412-153954-0020.flac,0.5785296872631079,1.3877963783507408,0.7859721842012368
training_291.wav,2412-153954-0021.flac,-0.3295276323298125,1.4955568763466998,0.3493750199984216
training_292.wav,2428-83699-0003.flac,-2.038275791536529,3.761781203965107,0.5500190716111983
training_293.wav,2428-83699-0005.flac,0.7510728960016391,0.8777413788204871,0.9464051374410991
training_294.wav,2428-83699-0006.flac,-1.924128216039752,3.5915079676098816,0.3720350821200814
training_295.wav,2428-83699-0007.flac,0.24308735244404545,2.4242328493634346,0.5759078743586539
training_296.wav,2428-83699-0012.flac,-0.26125848638250593,1.402518039943094,0.3457402586355701
training_297.wav,2428-83699-0016.flac,-0.5215116006802968,1.4818260861625492,0.2788414165613723
training_298.wav,2428-83699-0025.flac,0.15111953400779535,3.821495427472036,0.19979881675026467
training_299.wav,2428-83699-0029.flac,0.32199606362412947,1.708267602249045,0.35270942936764127
training_300.wav,2428-83699-0034.flac,-0.6947236421487275,2.4798572685333613,0.5885128362486866
training_301.wav,2428-83699-0037.flac,0.7228747335087456,0.8985879021038209,0.15476284475893576
training_302.wav,2428-83699-0040.flac,2.58482573017673,2.169138161637041,0.19334793497337
training_303.wav,2428-83699-0042.flac,3.03019000893447,1.825360739920535,0.2123190814253375
training_304.wav,2428-83705-0001.flac,0.18466215856918913,1.7130997352759139,0.6296922937632246
training_305.wav,2428-83705-0004.flac,-1.2328975608584172,0.5330201726531658,0.2090379924061213
training_306.wav,2428-83705-0011.flac,0.10580808189389886,0.9070729231855782,0.9288728050890168
training_307.wav,2428-83705-0012.flac,-1.6683781647237403,2.5443954666344775,0.7110338999173651
training_308.wav,2428-83705-0018.flac,-1.8680549899258596,1.3938625022507676,0.7002897811213042
training_309.wav,2428-83705-0019.flac,-1.9779736430903572,3.160970813913487,0.18180302897492584
training_310.wav,2428-83705-0020.flac,2.894508755274566,4.155447075494322,0.6205850096055894
training_311.wav,2428-83705-0022.flac,-0.10888519188634603,1.8058974301723771,0.5861360751904184
training_312.wav,2428-83705-0025.flac,-0.8563973507229158,1.2433816633675723,0.764292772801657
training_313.wav,2428-83705-0028.flac,-1.449669201617912,1.1847441537407186,0.4639785255218789
training_314.wav,2428-83705-0029.flac,-1.4795114260795739,3.812693758902662,0.7935957018981101
training_315.wav,2428-83705-0030.flac,0.8868975236281085,2.5195924205797784,0.21341104746981754
training_316.wav,2428-83705-0032.flac,2.2441395550944114,3.90363941158634,0.7759932630480147
training_317.wav,2428-83705-0033.flac,-0.8188544632611656,5.587046023993457,0.47121412976631505
training_318.wav,2428-83705-0034.flac,-0.9992152991599524,0.6383325195435297,0.39616378952477427
training_319.wav,2428-83705-0035.flac,2.992537488019734,2.8131838729743044,0.4806418831347202
training_320.wav,2428-83705-0037.flac,-0.9779084337860906,2.442196602211661,0.4080630245076835
training_321.wav,2428-83705-0038.flac,2.2727516875079004,2.5547141005149236,0.24529257233990742
training_322.wav,2428-83705-0043.flac,-1.0257623473380135,0.9235699391034947,0.7927677170326632
training_323.wav,251-118436-0000.flac,2.818741636385014,1.4755881655190324,0.1289955171897169
training_324.wav,251-118436-0002.flac,0.8035573027925984,1.7341901886857987,0.676618555683596
training_325.wav,251-118436-0005.flac,1.5189478625305604,2.1182996370493155,0.5856616275411619
training_326.wav,251-118436-0006.flac,-0.4555427000300656,2.183626385407312,0.5114146303460533
training_327.wav,251-118436-0007.flac,1.8704451152609107,2.3204479250175205,0.14138791543353157
training_328.wav,251-118436-0008.flac,0.3126863940341831,1.6361336809894762,0.9820247395877728
training_329.wav,251-118436-0009.flac,-2.542409465510259,1.3511643603443022,0.1578860733395514
training_330.wav,251-118436-0011.flac,-3.0732764193086326,2.1560384446252816,0.45116943617763483
training_331.wav,251-118436-0013.flac,1.9033761025354599,2.5937174754880594,0.934743131941056
training_332.wav,251-118436-0014.flac,-2.0397862770126864,3.5771964995621826,0.8802190684326217
training_333.wav,251-118436-0015.flac,0.8952486454641417,2.143157939217061,0.3226213947743314
training_334.wav,251-118436-0016.flac,0.7823479053806932,1.5356437036244832,0.7017873876564406
training_335.wav,251-118436-0020.flac,-0.3481220309461839,0.23592528991583475,0.7519078678041479
training_336.wav,251-136532-0000.flac,0.5676504187934688,1.5618778117019307,0.7290412123989691
training_337.wav,251-136532-0001.flac,-0.30307233832179475,1.8171547020559484,0.15243693688477566
training_338.wav,251-136532-0002.flac,3.0403549185265937,2.120915252313897,0.16705729766213717
training_339.wav,251-136532-0005.flac,-0.5271769425408993,2.875800325316458,0.3888822402771698
training_340.wav,251-136532-0007.flac,-1.125864446533933,2.4583892786149857,0.886949116504636
training_341.wav,251-136532-0008.flac,1.5008979684778536,1.3699658201669371,0.5309230995243976
training_342.wav,251-136532-0010.flac,2.115153311262652,1.0273388396852818,0.23569400848690936
training_343.wav,251-136532-0011.flac,1.8153149918702078,2.6008488774875027,0.8123183055701175
training_344.wav,251-136532-0012.flac,1.6809400060177024,2.6752395670028815,0.45867619249753533
training_345.wav,251-136532-0015.flac,2.7013308090902637,1.307235358961824,0.654492033071048
training_346.wav,251-136532-0016.flac,1.6439618019316802,3.7250994904706025,0.25547408982109765
training_347.wav,251-136532-0018.flac,1.4535715905593036,1.6361774371714277,0.825846492476071
training_348.wav,251-136532-0019.flac,-2.4847008443030054,1.3245636028033272,0.2707690751162952
training_349.wav,251-136532-0021.flac,1.2743942760546074,3.712899975692357,0.13920002422018718
training_350.wav,251-136532-0023.flac,1.4209489561391648,1.0075184049457182,0.42650341826042826
training_351.wav,251-137823-0001.flac,-1.30370721444924,2.317822904468912,0.6153534194347967
training_352.wav,251-137823-0005.flac,2.760958970551288,1.233191781704931,0.3175242136817976
training_353.wav,251-137823-0008.flac,-1.7981593380382892,2.0117016333029616,0.8100863865869797
training_354.wav,251-137823-0009.flac,1.0136401666406614,2.3906945527724814,0.42572197870451334
training_355.wav,251-137823-0010.flac,-2.6844521993593577,1.0872700045718504,0.3651496432611453
training_356.wav,251-137823-0011.flac,0.06092218472086503,2.0191913093636313,0.3576741286621099
training_357.wav,251-137823-0016.flac,1.1452323574998955,2.1448848879163003,0.33061461569810435
training_358.wav,251-137823-0018.flac,-2.2990005410001997,4.846745469096549,0.6263564547773486
training_359.wav,251-137823-0020.flac,-1.2517848150540272,3.121242442706636,0.26426527142878087
training_360.wav,251-137823-0021.flac,1.9811594298885804,1.8353293199029093,0.6920382814226175
training_361.wav,251-137823-0022.flac,-3.025735132120811,4.804903097952223,0.949886234810832
training_362.wav,2803-154320-0003.flac,-0.7235675954943671,1.1886325078061424,0.9305903014394004
training_363.wav,2803-154320-0012.flac,-1.3978826214341986,0.6555702768173167,0.5911585597765282
training_364.wav,2803-154320-0014.flac,0.005599944595250068,1.8328145036155852,0.21344655658189993
training_365.wav,2803-154328-0000.flac,1.5499760841807926,3.0281039878747085,0.27739124947366944
training_366.wav,2803-154328-0005.flac,-2.1262448144782335,1.3168800430893253,0.13172983423765727
training_367.wav,2803-154328-0007.flac,2.357655219337651,4.047352231226211,0.8409607510980855
training_368.wav,2803-154328-0008.flac,-1.6822108488749872,2.576799817532683,0.8784142421084001
training_369.wav,2803-154328-0009.flac,-0.8190498547166027,0.30133505576283526,0.8923117335333618
training_370.wav,2803-154328-0010.flac,-0.08300531087012807,1.9186486136429033,0.5630246986187147
training_371.wav,2803-154328-0011.flac,-0.9942842392923522,2.718556575073856,0.6336997489306405
training_372.wav,2803-154328-0012.flac,-0.44176433028692647,1.8465341357915115,0.7612060248288526
training_373.wav,2803-154328-0017.flac,-2.0776833213959938,0.44621711595898195,0.7324185469872748
training_374.wav,2803-154328-0023.flac,1.8887191468487998,1.8093302397823667,0.5665940893793058
training_375.wav,2803-161169-0001.flac,-1.939511244027244,3.9689142743761385,0.4128869689638629
training_376.wav,2803-161169-0006.flac,0.2543753139678904,4.9978196945400235,0.9039579831134057
training_377.wav,2803-161169-0011.flac,-2.475884249737773,1.828328351741317,0.12495068630913464
training_378.wav,2803-161169-0016.flac,1.7188161406979086,0.880704510488785,0.9977429990405813
training_379.wav,2803-161169-0017.flac,-2.1609213845234576,2.176222976810538,0.7953545348322714
training_380.wav,2902-9006-0012.flac,-2.4406284125201947,0.9696171295657772,0.7285430527560023
training_381.wav,2902-9006-0020.flac,2.762775089545078,1.459347304461332,0.8425662842372182
training_382.wav,2902-9008-0004.flac,1.1896471459800306,5.249776773908677,0.9299486481428411
training_383.wav,2902-9008-0005.flac,2.20737149047311,1.7322978419374626,0.6095631465317464
training_384.wav,2902-9008-0007.flac,3.070378563767093,4.056489390012438,0.9209339065826495
training_385.wav,2902-9008-0009.flac,1.2007886051837673,3.1693982702733443,0.6186673104142788
training_386.wav,2902-9008-0010.flac,1.536892739998272,2.730707805249476,0.27012732627539127
training_387.wav,2902-9008-0011.flac,2.1471207118219415,1.26214243967936,0.4060236932906449
training_388.wav,2902-9008-0012.flac,-1.4409272374176252,1.9612619015004251,0.7704109933760223
training_389.wav,3000-15664-0002.flac,0.17798432210014384,3.292189749061283,0.9734700105449726
training_390.wav,3000-15664-0005.flac,-1.2110650110162235,1.415818269215045,0.18721435206755344
training_391.wav,3000-15664-0007.flac,0.05055310994171038,1.9325556653325566,0.9490192175043096
training_392.wav,3000-15664-0009.flac,2.8160110553807356,0.9730964411862877,0.9737241844143275
training_393.wav,3000-15664-0013.flac,1.9696676617607052,1.7076584202525773,0.9910370201208198
training_394.wav,3000-15664-0014.flac,-0.7274312314021272,1.4434074900256662,0.6217943285633317
training_395.wav,3000-15664-0016.flac,-1.8555099348786952,2.579876696355067,0.7973434294165299
training_396.wav,3000-15664-0018.flac,-0.276262053977292,1.1335430575871774,0.13271234704649093
training_397.wav,3000-15664-0022.flac,-0.3006897670664016,2.1422398908000684,0.9967532412012374
training_398.wav,3000-15664-0023.flac,1.5005988944052364,1.7425698010696937,0.14382668974627555
training_399.wav,3000-15664-0028.flac,0.9242715005151381,1.8275453419380534,0.9146811356723528
training_400.wav,3000-15664-0029.flac,-2.5008589127965246,1.8709155631478522,0.8518046641628061
training_401.wav,3000-15664-0042.flac,1.756567745913469,1.1150765387905999,0.5614200764109532
training_402.wav,3000-15664-0043.flac,-0.26908830745033846,2.363318533678888,0.49990473071865893
training_403.wav,3000-15664-0046.flac,-1.5901245729888789,1.8679798359095225,0.9171217450550084
training_404.wav,3081-166546-0001.flac,-1.9810174899192772,3.603233012353212,0.11653557739314102
training_405.wav,3081-166546-0007.flac,-1.137303171308575,1.4960918019241691,0.4168963272714006
training_406.wav,3081-166546-0010.flac,2.9524066633328965,2.1003331347062892,0.5920633667965091
training_407.wav,3081-166546-0011.flac,-1.3529208131255184,1.4265654927434908,0.7169411729610797
training_408.wav,3081-166546-0012.flac,-0.662697654151559,2.462480825330292,0.9666390248627448
training_409.wav,3081-166546-0013.flac,-0.7232059288513574,2.125892218829922,0.20200036327592408
training_410.wav,3081-166546-0016.flac,2.855861214395981,0.6919368222156564,0.6476770637891562
training_411.wav,3081-166546-0020.flac,-2.9206689944018214,2.1967093310911476,0.8671624738941058
training_412.wav,3081-166546-0026.flac,1.137861838969561,2.275211056846382,0.7391427871537646
training_413.wav,3081-166546-0029.flac,1.36607468978313,1.3842367984271609,0.3617162742150902
training_414.wav,3081-166546-0037.flac,-1.5608679939918582,1.1139275158525037,0.13892435784816615
training_415.wav,3081-166546-0042.flac,0.5946725977486845,0.7500608655565008,0.4547370434418365
training_416.wav,3081-166546-0043.flac,-0.1918853181691373,2.5467464468598107,0.7418658905524633
training_417.wav,3081-166546-0045.flac,1.5018304754808338,4.098295148685499,0.753854389534424
training_418.wav,3081-166546-0059.flac,1.138589082387758,3.571406351928466,0.6087324220916313
training_419.wav,3081-166546-0061.flac,-2.0224996903020687,1.739671864616787,0.5146494976162798
training_420.wav,3081-166546-0062.flac,-1.0905744267768613,1.4585685977998477,0.3219046401110526
training_421.wav,3081-166546-0067.flac,-2.505611714764282,1.0293413650398713,0.42995365631118676
training_422.wav,3081-166546-0071.flac,0.06644015107118637,3.1782936351944584,0.7085648759199294
training_423.wav,3081-166546-0079.flac,-0.10323533822283701,2.179570646023171,0.5649686092343748
training_424.wav,3081-166546-0082.flac,2.1221661337531996,3.4139990165030567,0.30063933474105153
training_425.wav,3081-166546-0087.flac,-0.7284731888815126,0.7320755222679394,0.20848500264519898
training_426.wav,3170-137482-0005.flac,1.5815992981430855,4.739428480350256,0.6910637367216709
training_427.wav,3170-137482-0006.flac,-3.0491608740252087,2.060484379001715,0.5448108561759455
training_428.wav,3170-137482-0009.flac,0.029473620230192777,1.7199767736744083,0.199311965634823
training_429.wav,3170-137482-0011.flac,-1.38670938941449,2.629621418145964,0.7317291451857685
training_430.wav,3170-137482-0018.flac,2.7519783404647638,4.715146238386956,0.7320720726046925
training_431.wav,3170-137482-0019.flac,1.2512824525011392,2.119190604030362,0.15931116980261062
training_432.wav,3170-137482-0020.flac,-1.9135385393700637,3.000426904791508,0.6575515513100623
training_433.wav,3170-137482-0021.flac,2.8351974067034993,1.8159415739380416,0.11989347344233459
training_434.wav,3170-137482-0024.flac,-0.08495749889313381,1.921461562142425,0.2975740012775595
training_435.wav,3170-137482-0025.flac,-2.9207303621848744,2.1338112653976626,0.8921542583874208
training_436.wav,3170-137482-0026.flac,-0.9590615289116402,1.9601548760280405,0.1736814083130901
training_437.wav,3170-137482-0030.flac,-1.8834795338048642,0.3046744464035963,0.9883887712096091
training_438.wav,3170-137482-0034.flac,-2.193960679855779,3.4531827303303606,0.9812482009992334
training_439.wav,3170-137482-0035.flac,1.0124990139850158,1.2179593106210642,0.29355559889100247
training_440.wav,3170-137482-0036.flac,2.337183026343652,3.918540143968775,0.8905402754811489
training_441.wav,3170-137482-0037.flac,1.6855397605550342,3.338831398349208,0.5757955296805929
training_442.wav,3170-137482-0041.flac,-0.24127093917366108,2.2925165447658467,0.627562763709933
training_443.wav,3170-137482-0046.flac,-0.14237272724894542,2.8990042607542024,0.41172839061347166
training_444.wav,3170-137482-0048.flac,1.343923621863073,2.4556716121342657,0.3904083812558383
training_445.wav,3536-23268-0003.flac,0.5475035334941979,4.193112103730381,0.4275199125325113
training_446.wav,3536-23268-0006.flac,0.060865331567464015,2.39969138339746,0.69543149562451
training_447.wav,3536-23268-0007.flac,0.42621326149527006,2.318351742913998,0.4396507318728581
training_448.wav,3536-23268-0008.flac,-1.1422440064560897,1.3266320783516405,0.33454667522150816
training_449.wav,3536-23268-0012.flac,-1.9778922535844274,1.4175139714800944,0.3957074359276709
training_450.wav,3536-23268-0013.flac,0.979313069272633,2.976617670240549,0.15103202620255973
training_451.wav,3536-23268-0018.flac,2.4899672252891834,3.375712807571122,0.6996905664892424
training_452.wav,3536-23268-0022.flac,-1.095177787067086,1.6687269858570997,0.5101413724897667
training_453.wav,3536-23268-0024.flac,0.33448549666794675,1.8989149965481211,0.7825421740938525
training_454.wav,3536-23268-0025.flac,2.3649914117055895,2.360869532197689,0.09654856015377233
training_455.wav,3536-23268-0026.flac,2.0073989315072747,2.333814847261169,0.3056590527755939
training_456.wav,3536-23268-0028.flac,2.4633308817385378,2.573497320776534,0.12278691667222519
training_457.wav,3536-23268-0029.flac,-1.1257813657352846,1.6028028890499588,0.5775451839341736
training_458.wav,3536-23268-0030.flac,-2.6743271336818517,1.535275915770256,0.6997375387394902
training_459.wav,3536-8226-0001.flac,3.0541320011738993,1.0241485824846783,0.3254248691084145
training_460.wav,3536-8226-0002.flac,1.3870813611970279,4.272170167227164,0.49068192661550214
training_461.wav,3536-8226-0003.flac,-0.18916893949519228,1.9736951271960153,0.15953150967215635
training_462.wav,3536-8226-0006.flac,-0.21777603683499375,2.42202812558602,0.6382328853732112
training_463.wav,3536-8226-0008.flac,0.6087112383831508,0.8494570351275907,0.28841500387656704
training_464.wav,3536-8226-0010.flac,-1.0534019883476133,2.7286071090295994,0.6154110518225505
training_465.wav,3536-8226-0011.flac,-2.7385489618680197,1.5493743325105749,0.4507269669880182
training_466.wav,3536-8226-0018.flac,1.1685111106720565,2.88054481286623,0.6260732908679199
training_467.wav,3536-8226-0019.flac,3.0121630962073938,1.5593395048633913,0.5227346016280173
training_468.wav,3536-8226-0020.flac,-1.0084496132846865,1.237527414864628,0.3669260165972672
training_469.wav,3536-8226-0022.flac,1.323530517193817,2.5526098477445194,0.31317118767036967
training_470.wav,3536-8226-0024.flac,2.266706768329102,2.6261065899360676,0.9031694116074673
training_471.wav,3536-8226-0026.flac,-2.5620002626448795,2.4294540540131515,0.17962323406636094
training_472.wav,3576-138058-0012.flac,-3.116217193529326,2.1533008301941443,0.45086672392889326
training_473.wav,3576-138058-0015.flac,2.981646088445971,2.644499829939706,0.3292048924465364
training_474.wav,3576-138058-0018.flac,0.5366552565212692,2.1879909616092967,0.3753928094064388
training_475.wav,3576-138058-0019.flac,-1.5953570414078173,0.28056999959339773,0.6329109425796007
training_476.wav,3576-138058-0021.flac,1.5440902769545861,1.6825456226991584,0.4940106993395208
training_477.wav,3576-138058-0025.flac,0.3124899780388582,3.8131684661190017,0.8524367226271854
training_478.wav,3576-138058-0026.flac,-0.4403681674783177,5.427920068392786,0.22419621237413856
training_479.wav,3576-138058-0030.flac,2.593389330834704,2.5699288665762015,0.5626306365280058
training_480.wav,3576-138058-0032.flac,-1.5888685085984573,1.9596937814016715,0.6951695629544448
training_481.wav,3576-138058-0034.flac,2.5479138590215813,1.571280595294816,0.6797303672910903
training_482.wav,3576-138058-0038.flac,-1.9847664959182005,1.8156257118235537,0.22599380286679027
training_483.wav,3576-138058-0040.flac,2.713321430795036,1.6238423408894909,0.541154320512453
training_484.wav,3752-4943-0000.flac,-2.316558100567019,1.8958895443444208,0.4963255282906064
training_485.wav,3752-4943-0002.flac,3.007602222227382,2.2330364026083918,0.5713342970442281
training_486.wav,3752-4943-0003.flac,-2.7807533659740167,0.9359447708331248,0.6578452744520764
training_487.wav,3752-4943-0010.flac,2.2859109093399406,1.8213133428174946,0.5964397675276527
training_488.wav,3752-4943-0011.flac,-2.667284703437504,2.0127441700808775,0.5869339843900311
training_489.wav,3752-4943-0013.flac,-0.0787132736432722,1.1788778195515885,0.6210937776247722
training_490.wav,3752-4943-0018.flac,1.4345913027126116,1.5113517045391422,0.9535013113804808
training_491.wav,3752-4943-0022.flac,-3.028006530526366,2.8623086921860055,0.32700118260868094
training_492.wav,3752-4943-0024.flac,-0.4613459984358832,3.0957272948170105,0.5689160600436775
training_493.wav,3752-4943-0025.flac,1.3244266486102096,1.4047178158625937,0.5681374016539694
training_494.wav,3752-4944-0012.flac,0.09760867781989982,3.6537336293951985,0.9998011094348745
training_495.wav,3752-4944-0013.flac,2.5765757682146537,1.8088813552493148,0.30475639420537304
training_496.wav,3752-4944-0017.flac,1.7822733182847033,2.474489156750562,0.5644615525080052
training_497.wav,3752-4944-0018.flac,-1.3919731437974354,2.2590552577633067,0.8967403082558218
training_498.wav,3752-4944-0021.flac,-2.2251156915422072,2.5418685413681557,0.7525249485937546
training_499.wav,3752-4944-0031.flac,-1.532115430197601,2.9698259672428327,0.45219826370776706
training_500.wav,3752-4944-0036.flac,-0.7434335316092885,3.4265931204176145,0.3083233455711658
training_501.wav,3752-4944-0039.flac,0.43534899010403433,1.6690782346238975,0.6073173821440256
training_502.wav,3752-4944-0047.flac,-0.7155073741153283,3.3964912912882625,0.9856193615342735
training_503.wav,3752-4944-0052.flac,2.3547209339578528,2.2555184105733486,0.7963220871062795
training_504.wav,3752-4944-0053.flac,3.1206715207445965,1.3154771503643659,0.593130819813755
training_505.wav,3752-4944-0064.flac,-2.689811652768564,2.461594350247272,0.657185707447477
training_506.wav,3752-4944-0066.flac,-0.5540066510242758,1.5218317589395305,0.300207134383348
training_507.wav,3853-163249-0000.flac,2.638803841009763,2.3419514753306294,0.933194589776615
training_508.wav,3853-163249-0001.flac,0.529668148020827,0.7680029427203962,0.5362177477223841
training_509.wav,3853-163249-0002.flac,1.0291050081784798,2.309262689614075,0.47825102969211675
training_510.wav,3853-163249-0003.flac,0.28844862639517305,1.5814370726866742,0.1315869532263888
training_511.wav,3853-163249-0004.flac,-1.2266202732542655,2.8822340377113402,0.464706981631685
training_512.wav,3853-163249-0006.flac,2.5700553477057735,0.9972370154659301,0.8677948538941839
training_513.wav,3853-163249-0007.flac,-2.5379183467753967,4.082488248389602,0.20003940758015326
training_514.wav,3853-163249-0008.flac,0.2238655098027263,2.5095977648332335,0.8153678406659841
training_515.wav,3853-163249-0009.flac,-3.0792571219460556,1.9797250022181134,0.40656252768717416
training_516.wav,3853-163249-0013.flac,-0.48450953872269154,5.127947826348641,0.4617478466464383
training_517.wav,3853-163249-0019.flac,-1.6390254027533493,5.190841025599018,0.31696600238902006
training_518.wav,3853-163249-0020.flac,2.333361049255597,2.627060747788198,0.1283894732730111
training_519.wav,3853-163249-0022.flac,1.2673026576465767,1.98448155784933,0.2553202020381733
training_520.wav,3853-163249-0025.flac,-1.6593846800313776,2.18099827754299,0.7707848178939702
training_521.wav,3853-163249-0026.flac,-1.7174997041472233,3.580583272780031,0.7586749274664204
training_522.wav,3853-163249-0027.flac,-2.947534279359126,3.0806446056115524,0.6259575894460335
training_523.wav,3853-163249-0028.flac,-0.3552405315872132,0.9714382363317304,0.9852717870788973
training_524.wav,3853-163249-0031.flac,0.11655884685213656,0.7658535024977519,0.28548636631011437
training_525.wav,3853-163249-0032.flac,2.494258738431246,0.7207527358044028,0.7938322115693581
training_526.wav,3853-163249-0037.flac,2.5501104956269898,0.7770655727396032,0.8165945208261092
training_527.wav,3853-163249-0038.flac,-2.390820866587186,1.2859210388852127,0.5585072191846601
training_528.wav,3853-163249-0041.flac,0.724342578328407,0.8987941925995413,0.10459733790849224
training_529.wav,3853-163249-0043.flac,-2.023574605916197,0.7093419465999647,0.8112376174662268
training_530.wav,3853-163249-0045.flac,-0.060863687858136124,1.0815465801490798,0.30876984069091784
training_531.wav,3853-163249-0048.flac,1.86568295171351,2.2936375472085886,0.11719613156906394
training_532.wav,3853-163249-0051.flac,-0.07776447193594054,2.074068338989131,0.7835974180514006
training_533.wav,422-122949-0004.flac,-2.502738240021875,2.46872234785895,0.34012176001321914
training_534.wav,422-122949-0005.flac,0.2249770452357392,0.29108262733870116,0.829117196292377
training_535.wav,422-122949-0008.flac,1.3916558208542908,2.5692306171460295,0.39041364583295524
training_536.wav,422-122949-0016.flac,-1.6271096644730365,4.058579441542508,0.47335838668239083
training_537.wav,422-122949-0024.flac,2.855824856821346,3.6583406205706464,0.4251188096822912
training_538.wav,422-122949-0031.flac,1.9425466678045986,2.844304905048205,0.3662125363945168
training_539.wav,422-122949-0033.flac,0.18426578904520852,1.205727132388879,0.3612302580297334
training_540.wav,5338-24615-0001.flac,-1.9735305759867667,5.316381944524939,0.794536079494302
training_541.wav,5338-24615-0008.flac,0.26083262554913444,3.229920710516011,0.1544096945100054
training_542.wav,5338-24615-0011.flac,0.9234643026938756,1.9706006464389911,0.8783761694172934
training_543.wav,5338-24615-0013.flac,-2.99525971953623,2.5523930463925346,0.5212486622819509
training_544.wav,5338-24640-0002.flac,-0.4511581738185942,2.246291609874245,0.6494447036847525
training_545.wav,5338-24640-0003.flac,-2.0394355787006244,2.3865444372757727,0.7155063612716153
training_546.wav,5338-24640-0004.flac,-2.540694797883449,0.736130603935295,0.32259015069938557
training_547.wav,5338-284437-0001.flac,-1.4987973973675548,1.337510130716013,0.5822660779550392
training_548.wav,5338-284437-0004.flac,-0.8087262369636077,5.198048401684611,0.3112285069367374
training_549.wav,5338-284437-0005.flac,2.1992588104695363,1.599922435466308,0.23480759703508358
training_550.wav,5338-284437-0008.flac,2.7068960010434036,0.9475574623929618,0.9394904005738822
training_551.wav,5338-284437-0010.flac,2.7439485173303786,3.6413922296432846,0.7928646620726201
training_552.wav,5338-284437-0015.flac,-0.7157930613988037,2.393954596500563,0.572037801904294
training_553.wav,5338-284437-0017.flac,0.9498652456345168,3.130895353428128,0.14892764283030735
training_554.wav,5338-284437-0018.flac,-0.9702334272316946,2.544105868927976,0.2745334550425371
training_555.wav,5338-284437-0021.flac,-2.0844280344446995,2.362552709932637,0.12597427925446658
training_556.wav,5338-284437-0024.flac,-0.47468562878348475,1.1840645818349456,0.2944258511404787
training_557.wav,5338-284437-0029.flac,-1.5422837165272618,1.324917956948296,0.48972021266851173
training_558.wav,5338-284437-0031.flac,1.4117986764959798,4.911784313468535,0.8865796162777904
training_559.wav,5338-284437-0032.flac,-0.6227113149506874,1.9023525450549026,0.4236389353463811
training_560.wav,5536-43358-0001.flac,0.9649168089845234,1.4568023693934211,0.44883570004925843
training_561.wav,5536-43358-0003.flac,0.19491866991504073,3.2425687059095885,0.47743953610082057
training_562.wav,5536-43358-0004.flac,-2.9218250565601798,3.700795996000285,0.7963658948238718
training_563.wav,5536-43358-0007.flac,1.5817346080122014,3.2784123215358303,0.26637441897032865
training_564.wav,5536-43358-0009.flac,-1.1637609727216347,4.232532274029346,0.5243637490541517
training_565.wav,5536-43358-0010.flac,2.8360443609950177,1.9680269962672143,0.5850959946038099
training_566.wav,5536-43358-0011.flac,1.781554515568921,1.30987367949802,0.5069364434685388
training_567.wav,5536-43358-0015.flac,2.4318347423848174,1.9132899742415763,0.7511494152693061
training_568.wav,5536-43358-0019.flac,-1.4713975036361056,3.148026901300153,0.8644485736882532
training_569.wav,5536-43359-0004.flac,2.067649335017297,2.308190613668802,0.5928180393584683
training_570.wav,5536-43359-0005.flac,1.719622090304254,0.7131356512232075,0.6218919792818133
training_571.wav,5536-43359-0009.flac,2.833082453043601,2.6685812275952734,0.6850838629536625
training_572.wav,5536-43359-0013.flac,-1.013818548425721,1.8643967463456852,0.8808021758090909
training_573.wav,5536-43359-0016.flac,0.7663144461293249,1.9648031614171921,0.8489676050407254
training_574.wav,5536-43359-0017.flac,-0.8244187087776605,1.197089156521524,0.6709606222046446
training_575.wav,5536-43359-0018.flac,0.5005287106997207,1.989897223124059,0.6499255254816076
training_576.wav,5536-43363-0001.flac,-0.06366537802830723,2.4723473355336485,0.7446320101815145
training_577.wav,5536-43363-0002.flac,-2.209866836215825,0.8602759233736464,0.27119366667109335
training_578.wav,5536-43363-0004.flac,2.27616418163246,1.6957044490610305,0.7472188481273235
training_579.wav,5536-43363-0007.flac,-2.2715987767413717,1.558783546002327,0.38193192674052867
training_580.wav,5536-43363-0013.flac,-1.0439222313852996,1.0228223604294426,0.7010464701218065
training_581.wav,5536-43363-0016.flac,-0.4596828780377705,0.783558493192331,0.4532198891815483
training_582.wav,5536-43363-0017.flac,2.396283275724625,1.4851266283581295,0.6672804558197984
training_583.wav,5536-43363-0018.flac,1.0342727374882932,1.933132687544109,0.3796003835164071
training_584.wav,5536-43363-0019.flac,-0.9482960065964501,2.873047368753732,0.31985685967279764
training_585.wav,5694-64025-0005.flac,0.7014263233632418,1.5005688458815307,0.9001940124382976
training_586.wav,5694-64025-0011.flac,2.4232159494432457,0.5223570746273405,0.692538905759522
training_587.wav,5694-64025-0015.flac,0.3277930768257782,2.1600176718576853,0.6425052473801535
training_588.wav,5694-64025-0019.flac,-2.262457281371944,1.3060055125582055,0.9813879964502277
training_589.wav,5694-64025-0020.flac,-2.256242175134501,1.2387327530077834,0.7574620580390369
training_590.wav,5694-64025-0021.flac,1.6340353629551965,3.250648877842296,0.5106214457007404
training_591.wav,5694-64025-0022.flac,-0.39296249867010236,1.4332367172488614,0.8939951348070797
training_592.wav,5694-64025-0023.flac,-0.5786341233649667,1.6525317891938596,0.9324436080634256
training_593.wav,5694-64029-0006.flac,1.2562028919977157,1.813263167756796,0.6682797816146833
training_594.wav,5694-64029-0007.flac,-1.3845330775712112,2.100860329463285,0.3698804379555404
training_595.wav,5694-64029-0011.flac,1.5052956745756128,1.5726509445768764,0.21452484021208484
training_596.wav,5694-64029-0012.flac,-1.4263951724151813,1.035063188777644,0.6729901043788615
training_597.wav,5694-64029-0013.flac,0.04538177583192971,3.3882336018874235,0.5808731153614352
training_598.wav,5694-64029-0021.flac,3.0919033877861577,1.668034169209376,0.7742867035704497
training_599.wav,5694-64029-0023.flac,0.1350045345864673,2.887531726173944,0.8277559846584179
